{
  "A": {
    "turns": [
      0,
      1,
      2,
      3,
      4,
      5,
      6,
      7,
      8,
      9
    ],
    "mean": [
      1.7333333333333334,
      1.5333333333333334,
      1.4666666666666666,
      1.2444444444444445,
      1.3777777777777778,
      1.0666666666666667,
      1.6666666666666667,
      1.3555555555555556,
      1.3555555555555556,
      1.6888888888888889
    ],
    "lo": [
      1.4132666736096648,
      1.1776633012570117,
      1.1980116552644686,
      1.0459308207045976,
      1.1506957262260868,
      0.9929607262238119,
      1.3088212624299582,
      1.1211856023364162,
      1.1130484855300702,
      1.2908854767811753
    ],
    "hi": [
      2.0533999930570017,
      1.8890033654096552,
      1.7353216780688645,
      1.4429580681842913,
      1.6048598293294687,
      1.1403726071095215,
      2.0245120709033753,
      1.589925508774695,
      1.598062625581041,
      2.0868923009966025
    ]
  },
  "B": {
    "turns": [
      0,
      1,
      2,
      3,
      4,
      5,
      6,
      7,
      8,
      9
    ],
    "mean": [
      1.0888888888888888,
      1.5555555555555556,
      1.1777777777777778,
      1.3111111111111111,
      1.2666666666666666,
      1.4222222222222223,
      1.0222222222222221,
      1.3333333333333333,
      1.2666666666666666,
      1.4222222222222223
    ],
    "lo": [
      0.9146666666666666,
      1.200128053362245,
      0.9342062970627054,
      1.0556174339296869,
      0.9718429048952475,
      1.1334566230449,
      0.9786666666666666,
      1.1175444353685666,
      0.9718429048952475,
      1.1543708471146343
    ],
    "hi": [
      1.263111111111111,
      1.9109830577488662,
      1.4213492584928502,
      1.5666047882925354,
      1.5614904284380857,
      1.7109878213995446,
      1.0657777777777777,
      1.5491222312981,
      1.5614904284380857,
      1.6900735973298102
    ]
  },
  "echo": {
    "turns": [
      0,
      1,
      2,
      3,
      4,
      5,
      6,
      7,
      8,
      9
    ],
    "mean": [
      3.533333333333333,
      4.311111111111111,
      4.2444444444444445,
      4.6,
      4.688888888888889,
      4.5777777777777775,
      4.888888888888889,
      4.377777777777778,
      4.866666666666666,
      4.711111111111111
    ],
    "lo": [
      2.9845899019053537,
      3.922979808626276,
      3.807702625532993,
      4.292295826180633,
      4.411547526663746,
      4.251177111044438,
      4.733503122966129,
      3.987320656972651,
      4.683988056130362,
      4.457140761913405
    ],
    "hi": [
      4.082076764761313,
      4.699242413595946,
      4.6811862633558965,
      4.907704173819366,
      4.966230251114032,
      4.904378444511117,
      5.04427465481165,
      4.7682348985829055,
      5.0493452772029705,
      4.965081460308817
    ]
  }
}